#;Start;End;Break;Duration;Hourly Rate, $;Bonus, $;Earnings, $;Client;Project;Task;Note
1;2021-08-06 08:00 AM;2021-08-06 04:00 PM;01:00;07:00;25;;175;Tristique Incorporated;Dashboard Projet;Implementation;
2;2021-08-05 08:00 AM;2021-08-05 04:00 PM;01:00;07:00;25;;175;Tristique Incorporated;Dashboard Projet;Implementation;
3;2021-08-04 08:00 AM;2021-08-04 04:00 PM;01:00;07:00;25;;175;Tristique Incorporated;Dashboard Projet;Implementation;
4;2021-08-03 08:00 AM;2021-08-03 04:00 PM;01:00;07:00;25;;175;Tristique Incorporated;Dashboard Projet;Implementation;
5;2021-08-02 08:00 AM;2021-08-02 04:00 PM;01:00;07:00;25;;175;Tristique Incorporated;Dashboard Projet;Implementation;
6;2021-07-30 08:00 AM;2021-07-30 03:00 PM;01:00;06:00;25;;150;Tristique Incorporated;Dashboard Projet;Implementation;
7;2021-07-29 08:00 AM;2021-07-29 04:00 PM;01:00;07:00;25;;175;Tristique Incorporated;Dashboard Projet;Implementation;
8;2021-07-28 08:00 AM;2021-07-28 04:00 PM;01:00;07:00;25;;175;Tristique Incorporated;Dashboard Projet;Implementation;
9;2021-07-27 08:00 AM;2021-07-27 04:00 PM;01:00;07:00;25;;175;Tristique Incorporated;Dashboard Projet;Implementation;
10;2021-07-26 08:00 AM;2021-07-26 04:30 PM;01:00;07:30;25;;187.5;Tristique Incorporated;Dashboard Projet;Implementation;
11;2021-07-23 08:00 AM;2021-07-23 04:00 PM;01:00;07:00;25;;175;Tristique Incorporated;Dashboard Projet;Implementation;
12;2021-07-22 09:00 AM;2021-07-22 05:00 PM;01:00;07:00;25;;175;Tristique Incorporated;Dashboard Projet;Implementation;
13;2021-07-21 09:00 AM;2021-07-21 04:30 PM;02:00;05:30;25;;137.5;Tristique Incorporated;Dashboard Projet;Implementation;
14;2021-07-20 09:00 AM;2021-07-20 06:00 PM;02:00;07:00;25;;175;Tristique Incorporated;Dashboard Projet;Implementation;
15;2021-07-19 09:00 AM;2021-07-19 04:30 PM;00:30;07:00;25;;175;Tristique Incorporated;Dashboard Projet;Implementation;
16;2021-07-16 11:00 AM;2021-07-16 12:00 PM;00:00;01:00;25;;25;Tristique Incorporated;Dashboard Projet;Implementation;
17;2021-07-15 08:00 AM;2021-07-15 03:00 PM;01:30;05:30;25;;137.5;Tristique Incorporated;Dashboard Projet;Implementation;
18;2021-07-14 09:00 AM;2021-07-14 10:30 AM;00:00;01:30;25;;37.5;Tristique Incorporated;Dashboard Projet;Implementation;
19;2021-07-13 09:00 AM;2021-07-13 07:00 PM;01:00;09:00;25;;225;Tristique Incorporated;Dashboard Projet;Implementation;
20;2021-07-12 09:00 AM;2021-07-12 05:30 PM;00:30;08:00;25;;200;Tristique Incorporated;Dashboard Projet;Implementation;
21;2021-07-09 09:00 AM;2021-07-09 01:00 PM;00:00;04:00;25;;100;Tristique Incorporated;Dashboard Projet;Implementation;
22;2021-07-08 09:00 AM;2021-07-08 04:30 PM;00:30;07:00;25;;175;Tristique Incorporated;Dashboard Projet;Implementation;
23;2021-07-07 09:00 AM;2021-07-07 04:00 PM;01:30;05:30;25;;137.5;Tristique Incorporated;Dashboard Projet;Implementation;
24;2021-07-06 08:30 AM;2021-07-06 05:30 PM;01:00;08:00;25;;200;Tristique Incorporated;Dashboard Projet;Implementation;
25;2021-07-05 08:30 AM;2021-07-05 06:00 PM;01:00;08:30;25;;212.5;Tristique Incorporated;Dashboard Projet;Implementation;
26;2021-07-02 09:00 AM;2021-07-02 03:00 PM;00:00;06:00;25;;150;Tristique Incorporated;Dashboard Projet;Implementation;
27;2021-07-01 09:00 AM;2021-07-01 05:30 PM;01:00;07:30;25;;187.5;Tristique Incorporated;Dashboard Projet;Implementation;
28;2021-06-30 09:00 AM;2021-06-30 04:00 PM;01:00;06:00;25;;150;Tristique Incorporated;Dashboard Projet;Implementation;
29;2021-06-29 07:30 AM;2021-06-29 05:00 PM;01:30;08:00;25;;200;Tristique Incorporated;Dashboard Projet;Implementation;
30;2021-06-28 09:00 AM;2021-06-28 05:00 PM;01:30;06:30;25;;162.5;Tristique Incorporated;Dashboard Projet;Implementation;
31;2021-06-23 08:30 AM;2021-06-23 05:00 PM;01:00;07:30;25;;187.5;Tristique Incorporated;Dashboard Projet;Implementation;
32;2021-06-22 08:00 AM;2021-06-22 05:00 PM;02:00;07:00;25;;175;Tristique Incorporated;Dashboard Projet;Implementation;
33;2021-06-21 08:00 AM;2021-06-21 06:00 PM;01:00;09:00;25;;225;Tristique Incorporated;Dashboard Projet;Implementation;
34;2021-06-18 08:00 AM;2021-06-18 05:30 PM;01:00;08:30;25;;212.5;Tristique Incorporated;Dashboard Projet;Implementation;
35;2021-06-17 08:30 AM;2021-06-17 05:00 PM;01:00;07:30;25;;187.5;Tristique Incorporated;Dashboard Projet;Implementation;
36;2021-06-16 09:00 AM;2021-06-16 03:30 PM;01:00;05:30;25;;137.5;Tristique Incorporated;Dashboard Projet;Implementation;
37;2021-06-15 08:00 AM;2021-06-15 04:30 PM;01:30;07:00;25;;175;Tristique Incorporated;Dashboard Projet;Implementation;
38;2021-06-14 09:00 AM;2021-06-14 05:00 PM;00:30;07:30;25;;187.5;Tristique Incorporated;Dashboard Projet;Implementation;
39;2021-06-11 08:00 AM;2021-06-11 05:30 PM;01:00;08:30;25;;212.5;Tristique Incorporated;Dashboard Projet;Implementation;
40;2021-06-10 08:00 AM;2021-06-10 05:00 PM;00:30;08:30;25;;212.5;Tristique Incorporated;Dashboard Projet;Implementation;
41;2021-06-09 08:30 AM;2021-06-09 03:30 PM;00:00;07:00;25;;175;Tristique Incorporated;Dashboard Projet;Implementation;
42;2021-06-08 08:00 AM;2021-06-08 05:00 PM;00:00;09:00;25;;225;Tristique Incorporated;Dashboard Projet;Implementation;
43;2021-06-07 09:00 AM;2021-06-07 05:00 PM;00:00;08:00;25;;200;Tristique Incorporated;Dashboard Projet;Implementation;
44;2021-06-06 09:00 AM;2021-06-06 03:00 PM;00:00;06:00;25;;150;Tristique Incorporated;Dashboard Projet;Implementation;
45;2021-06-05 08:00 AM;2021-06-05 09:00 AM;00:00;01:00;25;;25;Tristique Incorporated;Dashboard Projet;Implementation;
46;2021-06-04 08:00 AM;2021-06-04 05:00 PM;01:00;08:00;25;;200;Tristique Incorporated;Dashboard Projet;Implementation;
47;2021-06-03 09:00 AM;2021-06-03 12:00 PM;00:00;03:00;25;;75;Tristique Incorporated;Dashboard Projet;Implementation;
48;2021-06-02 09:00 AM;2021-06-02 05:00 PM;00:00;08:00;25;;200;Tristique Incorporated;Dashboard Projet;Implementation;
49;2021-06-01 09:00 AM;2021-06-01 06:00 PM;00:30;08:30;25;;212.5;Tristique Incorporated;Dashboard Projet;Implementation;
50;2021-05-31 08:00 AM;2021-05-31 06:00 PM;00:30;09:30;25;;237.5;Tristique Incorporated;Dashboard Projet;Implementation;
51;2021-05-28 08:00 AM;2021-05-28 04:00 PM;01:00;07:00;25;;175;Tristique Incorporated;Dashboard Projet;Implementation;
52;2021-05-27 08:00 AM;2021-05-27 04:30 PM;00:00;08:30;25;;212.5;Tristique Incorporated;Dashboard Projet;Implementation;
53;2021-05-26 07:00 AM;2021-05-26 12:00 PM;00:00;05:00;25;;125;Tristique Incorporated;Dashboard Projet;Implementation;
54;2021-05-25 08:30 AM;2021-05-25 06:00 PM;00:00;09:30;25;;237.5;Tristique Incorporated;Dashboard Projet;Implementation;
55;2021-05-21 08:00 AM;2021-05-21 04:30 PM;00:30;08:00;25;;200;Tristique Incorporated;Dashboard Projet;Implementation;
56;2021-05-20 09:00 AM;2021-05-20 04:30 PM;01:00;06:30;25;;162.5;Tristique Incorporated;Dashboard Projet;Implementation;
57;2021-05-19 09:00 AM;2021-05-19 07:00 PM;02:00;08:00;25;;200;Tristique Incorporated;Dashboard Projet;Implementation;
58;2021-05-18 09:00 AM;2021-05-18 04:00 PM;01:00;06:00;25;;150;Tristique Incorporated;Dashboard Projet;Implementation;
59;2021-05-17 09:30 AM;2021-05-17 03:30 PM;01:00;05:00;25;;125;Tristique Incorporated;Dashboard Projet;Implementation;
60;2021-05-16 02:00 PM;2021-05-16 08:00 PM;00:00;06:00;25;;150;Tristique Incorporated;Dashboard Projet;Implementation;
61;2021-05-14 09:00 AM;2021-05-14 05:00 PM;00:00;08:00;25;;200;Tristique Incorporated;Dashboard Projet;Implementation;
62;2021-05-13 09:00 AM;2021-05-13 05:30 PM;01:00;07:30;25;;187.5;Tristique Incorporated;Dashboard Projet;Implementation;
63;2021-05-12 09:00 AM;2021-05-12 12:00 PM;00:00;03:00;25;;75;Tristique Incorporated;Dashboard Projet;Implementation;
64;2021-05-11 09:00 AM;2021-05-11 01:00 PM;00:00;04:00;25;;100;Tristique Incorporated;Dashboard Projet;Implementation;
65;2021-05-07 09:00 AM;2021-05-07 03:30 PM;01:00;05:30;25;;137.5;Tristique Incorporated;Dashboard Projet;Implementation;
66;2021-05-06 09:00 AM;2021-05-06 04:00 PM;01:00;06:00;25;;150;Tristique Incorporated;Dashboard Projet;Implementation;
67;2021-05-05 09:00 AM;2021-05-05 03:30 PM;00:30;06:00;25;;150;Tristique Incorporated;Dashboard Projet;Implementation;
68;2021-05-04 09:00 AM;2021-05-04 04:00 PM;01:00;06:00;25;;150;Tristique Incorporated;Dashboard Projet;Implementation;
69;2021-05-03 09:00 AM;2021-05-03 05:30 PM;01:30;07:00;25;;175;Tristique Incorporated;Dashboard Projet;Implementation;
70;2021-04-30 08:30 AM;2021-04-30 03:30 PM;01:00;06:00;25;;150;Tristique Incorporated;Dashboard Projet;Implementation;
71;2021-04-29 09:00 AM;2021-04-29 06:00 PM;01:00;08:00;25;;200;Tristique Incorporated;Dashboard Projet;Implementation;
72;2021-04-28 09:00 AM;2021-04-28 03:30 PM;00:00;06:30;25;;162.5;Tristique Incorporated;Dashboard Projet;Implementation;
73;2021-04-27 08:30 AM;2021-04-27 04:00 PM;03:00;04:30;25;;112.5;Tristique Incorporated;Dashboard Projet;Implementation;
74;2021-04-26 09:00 AM;2021-04-26 04:00 PM;01:00;06:00;25;;150;Tristique Incorporated;Dashboard Projet;Implementation;
75;2021-04-23 09:00 AM;2021-04-23 04:00 PM;01:00;06:00;25;;150;Tristique Incorporated;Dashboard Projet;Implementation;
76;2021-04-22 09:00 AM;2021-04-22 06:00 PM;00:30;08:30;25;;212.5;Tristique Incorporated;Dashboard Projet;Implementation;
77;2021-04-20 09:00 AM;2021-04-20 03:00 PM;00:30;05:30;25;;137.5;Tristique Incorporated;Dashboard Projet;Implementation;
78;2021-04-19 09:00 AM;2021-04-19 04:00 PM;01:00;06:00;25;;150;Tristique Incorporated;Dashboard Projet;Implementation;
79;2021-04-16 09:00 AM;2021-04-16 04:30 PM;02:00;05:30;25;;137.5;Tristique Incorporated;Dashboard Projet;Implementation;
80;2021-04-15 09:00 AM;2021-04-15 04:00 PM;01:30;05:30;25;;137.5;Tristique Incorporated;Dashboard Projet;Implementation;
81;2021-04-14 09:00 AM;2021-04-14 03:00 PM;01:00;05:00;25;;125;Tristique Incorporated;Dashboard Projet;Implementation;
82;2021-04-13 09:00 AM;2021-04-13 04:00 PM;01:00;06:00;25;;150;Tristique Incorporated;Dashboard Projet;Implementation;
83;2021-04-12 09:00 AM;2021-04-12 04:00 PM;01:00;06:00;25;;150;Tristique Incorporated;Dashboard Projet;Implementation;
84;2021-04-09 09:00 AM;2021-04-09 03:00 PM;01:00;05:00;25;;125;Tristique Incorporated;Dashboard Projet;Implementation;
25;2021-04-08 08:30 AM;2021-04-08 05:30 PM;01:00;08:00;25;;200;Tristique Incorporated;Dashboard Projet;Implementation;
86;2021-04-07 08:30 AM;2021-04-07 03:30 PM;01:00;06:00;25;;150;Tristique Incorporated;Dashboard Projet;Implementation;
87;2021-04-06 08:30 AM;2021-04-06 05:00 PM;01:00;07:30;25;;187.5;Tristique Incorporated;Dashboard Projet;Implementation;
88;2021-04-01 09:00 AM;2021-04-01 04:30 PM;01:00;06:30;25;;162.5;Tristique Incorporated;Dashboard Projet;Implementation;
89;2021-03-31 09:00 AM;2021-03-31 03:30 PM;00:00;06:30;25;;162.5;Tristique Incorporated;Dashboard Projet;Implementation;
90;2021-03-30 08:30 AM;2021-03-30 06:00 PM;01:30;08:00;25;;200;Tristique Incorporated;Dashboard Projet;Implementation;
91;2021-03-29 09:00 AM;2021-03-29 05:00 PM;01:00;07:00;25;;175;Tristique Incorporated;Dashboard Projet;Implementation;
92;2021-03-26 09:00 AM;2021-03-26 05:00 PM;01:00;07:00;25;;175;Tristique Incorporated;Dashboard Projet;Implementation;
93;2021-03-25 08:30 AM;2021-03-25 05:30 PM;01:00;08:00;25;;200;Tristique Incorporated;Dashboard Projet;Implementation;
94;2021-03-24 08:30 AM;2021-03-24 03:30 PM;01:00;06:00;25;;150;Tristique Incorporated;Dashboard Projet;Implementation;
95;2021-03-23 08:30 AM;2021-03-23 05:30 PM;01:00;08:00;25;;200;Tristique Incorporated;Dashboard Projet;Implementation;
96;2021-03-22 09:00 AM;2021-03-22 06:00 PM;01:00;08:00;25;;200;Tristique Incorporated;Dashboard Projet;Implementation;
97;2021-03-19 08:30 AM;2021-03-19 07:00 PM;01:00;09:30;25;;237.5;Tristique Incorporated;Dashboard Projet;Implementation;
98;2021-03-18 08:30 AM;2021-03-18 03:00 PM;02:00;04:30;25;;112.5;Tristique Incorporated;Dashboard Projet;Implementation;
99;2021-03-17 08:30 AM;2021-03-17 04:30 PM;01:00;07:00;25;;175;Tristique Incorporated;Dashboard Projet;Implementation;
100;2021-03-16 08:30 AM;2021-03-16 05:30 PM;01:00;08:00;25;;200;Tristique Incorporated;Dashboard Projet;Implementation;
101;2021-03-15 09:30 AM;2021-03-15 06:00 PM;01:00;07:30;25;;187.5;Tristique Incorporated;Dashboard Projet;Implementation;
102;2021-03-12 09:00 AM;2021-03-12 06:00 PM;01:00;08:00;25;;200;Tristique Incorporated;Dashboard Projet;Implementation;
103;2021-03-11 08:00 AM;2021-03-11 04:30 PM;01:00;07:30;25;;187.5;Tristique Incorporated;Dashboard Projet;Implementation;
104;2021-03-10 08:30 AM;2021-03-10 03:30 PM;00:30;06:30;25;;162.5;Tristique Incorporated;Dashboard Projet;Implementation;
105;2021-03-09 08:30 AM;2021-03-09 12:30 PM;00:00;04:00;25;;100;Tristique Incorporated;Dashboard Projet;Implementation;
106;2021-03-08 09:00 AM;2021-03-08 05:30 PM;01:00;07:30;25;;187.5;Tristique Incorporated;Dashboard Projet;Implementation;
107;2021-03-05 08:30 AM;2021-03-05 05:00 PM;01:00;07:30;25;;187.5;Tristique Incorporated;Dashboard Projet;Implementation;
108;2021-03-04 08:30 AM;2021-03-04 05:00 PM;01:00;07:30;25;;187.5;Tristique Incorporated;Dashboard Projet;Implementation;
109;2021-03-03 08:30 AM;2021-03-03 05:00 PM;01:00;07:30;25;;187.5;Tristique Incorporated;Dashboard Projet;Implementation;
110;2021-03-02 09:00 AM;2021-03-02 05:30 PM;01:00;07:30;25;;187.5;Tristique Incorporated;Dashboard Projet;Implementation;
111;2021-03-01 09:00 AM;2021-03-01 05:30 PM;01:00;07:30;25;;187.5;Tristique Incorporated;Dashboard Projet;Implementation;
112;2021-02-26 08:30 AM;2021-02-26 04:30 PM;00:30;07:30;25;;187.5;Tristique Incorporated;Dashboard Projet;Implementation;
113;2021-02-25 09:00 AM;2021-02-25 12:00 PM;00:00;03:00;25;;75;Tristique Incorporated;Dashboard Projet;Implementation;
114;2021-02-24 09:00 AM;2021-02-24 03:00 PM;01:00;05:00;25;;125;Tristique Incorporated;Dashboard Projet;Implementation;
115;2021-02-23 09:00 AM;2021-02-23 03:00 PM;01:00;05:00;25;;125;Tristique Incorporated;Dashboard Projet;Implementation;
116;2021-02-22 09:00 AM;2021-02-22 05:30 PM;00:30;08:00;25;;200;Tristique Incorporated;Dashboard Projet;Implementation;
117;2021-02-19 08:30 AM;2021-02-19 05:00 PM;00:30;08:00;25;;200;Tristique Incorporated;Dashboard Projet;Implementation;
118;2021-02-18 09:00 AM;2021-02-18 03:00 PM;00:00;06:00;25;;150;Tristique Incorporated;Dashboard Projet;Implementation;
119;2021-02-17 09:00 AM;2021-02-17 04:00 PM;00:30;06:30;25;;162.5;Tristique Incorporated;Dashboard Projet;Implementation;
120;2021-02-16 09:00 AM;2021-02-16 05:30 PM;01:00;07:30;25;;187.5;Tristique Incorporated;Dashboard Projet;Implementation;
121;2021-02-15 10:00 AM;2021-02-15 06:30 PM;01:00;07:30;25;;187.5;Tristique Incorporated;Dashboard Projet;Implementation;
122;2021-02-12 09:00 AM;2021-02-12 05:30 PM;00:30;08:00;25;;200;Tristique Incorporated;Dashboard Projet;Implementation;
123;2021-02-11 09:00 AM;2021-02-11 07:00 PM;02:00;08:00;25;;200;Tristique Incorporated;Dashboard Projet;Implementation;
124;2021-02-09 09:00 AM;2021-02-09 05:00 PM;00:00;08:00;25;;200;Tristique Incorporated;Dashboard Projet;Implementation;
125;2021-02-08 01:00 PM;2021-02-08 04:30 PM;00:00;03:30;25;;87.5;Tristique Incorporated;Dashboard Projet;Implementation;
126;2021-02-07 09:00 AM;2021-02-07 01:00 PM;00:00;04:00;25;;100;Tristique Incorporated;Dashboard Projet;Implementation;
127;2021-02-06 09:00 AM;2021-02-06 11:00 AM;00:00;02:00;25;;50;Tristique Incorporated;Dashboard Projet;Implementation;
128;2021-02-05 09:00 AM;2021-02-05 03:00 PM;00:00;06:00;25;;150;Tristique Incorporated;Dashboard Projet;Implementation;
129;2021-02-04 09:00 AM;2021-02-04 03:30 PM;01:00;05:30;25;;137.5;Tristique Incorporated;Dashboard Projet;Implementation;
130;2021-02-03 09:00 AM;2021-02-03 05:30 PM;01:00;07:30;25;;187.5;Tristique Incorporated;Dashboard Projet;Implementation;
131;2021-02-02 09:00 AM;2021-02-02 05:30 PM;01:00;07:30;25;;187.5;Tristique Incorporated;Dashboard Projet;Implementation;
132;2021-02-01 09:00 AM;2021-02-01 04:30 PM;01:00;06:30;25;;162.5;Tristique Incorporated;Dashboard Projet;Implementation;
133;2021-01-30 01:00 PM;2021-01-30 04:00 PM;00:00;03:00;25;;75;Tristique Incorporated;Dashboard Projet;Implementation;
134;2021-01-29 08:30 AM;2021-01-29 04:00 PM;01:00;06:30;25;;162.5;Tristique Incorporated;Dashboard Projet;Implementation;
135;2021-01-28 08:30 AM;2021-01-28 04:00 PM;01:00;06:30;25;;162.5;Tristique Incorporated;Dashboard Projet;Implementation;
136;2021-01-27 09:00 AM;2021-01-27 04:00 PM;00:00;07:00;25;;175;Tristique Incorporated;Dashboard Projet;Implementation;
137;2021-01-26 09:00 AM;2021-01-26 12:00 PM;00:00;03:00;25;;75;Tristique Incorporated;Dashboard Projet;Implementation;
138;2021-01-25 09:00 AM;2021-01-25 04:00 PM;01:00;06:00;25;;150;Tristique Incorporated;Dashboard Projet;Implementation;
139;2021-01-24 08:30 AM;2021-01-24 04:00 PM;00:00;07:30;25;;187.5;Tristique Incorporated;Dashboard Projet;Implementation;
140;2021-01-22 01:00 PM;2021-01-22 04:30 PM;00:00;03:30;25;;87.5;Tristique Incorporated;Dashboard Projet;Implementation;
141;2021-01-21 09:00 AM;2021-01-21 06:00 PM;01:00;08:00;25;;200;Tristique Incorporated;Dashboard Projet;Implementation;
142;2021-01-20 09:00 AM;2021-01-20 06:00 PM;02:00;07:00;25;;175;Tristique Incorporated;Dashboard Projet;Implementation;
143;2021-01-19 09:00 AM;2021-01-19 04:30 PM;00:30;07:00;25;;175;Tristique Incorporated;Dashboard Projet;Implementation;
144;2021-01-18 09:00 AM;2021-01-18 05:30 PM;00:30;08:00;25;;200;Tristique Incorporated;Dashboard Projet;Implementation;
145;2021-01-15 09:30 AM;2021-01-15 05:30 PM;02:00;06:00;25;;150;Tristique Incorporated;Dashboard Projet;Implementation;
146;2021-01-14 08:30 AM;2021-01-14 03:30 PM;01:00;06:00;25;;150;Tristique Incorporated;Dashboard Projet;Implementation;
147;2021-01-13 09:30 AM;2021-01-13 03:30 PM;00:00;06:00;25;;150;Tristique Incorporated;Dashboard Projet;Implementation;
148;2021-01-12 09:00 AM;2021-01-12 04:00 PM;01:00;06:00;25;;150;Tristique Incorporated;Dashboard Projet;Implementation;
149;2021-01-11 02:00 PM;2021-01-11 04:00 PM;00:00;02:00;25;;50;Tristique Incorporated;Dashboard Projet;Implementation;
150;2020-10-30 08:30 AM;2020-10-30 04:30 PM;01:00;07:00;25;;175;Proin LLC;Factory Dashboard;Implementation;
151;2020-10-29 08:30 AM;2020-10-29 04:30 PM;01:00;07:00;25;;175;Proin LLC;Factory Dashboard;Implementation;
152;2020-10-28 08:30 AM;2020-10-28 04:30 PM;01:00;07:00;25;;175;Proin LLC;Factory Dashboard;Implementation;
153;2020-10-27 08:30 AM;2020-10-27 04:30 PM;01:00;07:00;25;;175;Proin LLC;Factory Dashboard;Implementation;
154;2020-10-26 08:30 AM;2020-10-26 04:30 PM;01:00;07:00;25;;175;Proin LLC;Factory Dashboard;Implementation;
155;2020-10-23 08:30 AM;2020-10-23 04:30 PM;01:00;07:00;25;;175;Proin LLC;Factory Dashboard;Implementation;
156;2020-10-22 08:30 AM;2020-10-22 04:30 PM;01:00;07:00;25;;175;Proin LLC;Factory Dashboard;Implementation;
157;2020-10-21 08:30 AM;2020-10-21 04:30 PM;01:00;07:00;25;;175;Proin LLC;Factory Dashboard;Implementation;
158;2020-10-20 08:30 AM;2020-10-20 04:00 PM;00:30;07:00;25;;175;Proin LLC;Factory Dashboard;Implementation;
159;2020-10-19 08:30 AM;2020-10-19 04:30 PM;01:00;07:00;25;;175;Proin LLC;Factory Dashboard;Implementation;
160;2020-10-16 08:30 AM;2020-10-16 03:30 PM;00:00;07:00;25;;175;Proin LLC;Factory Dashboard;Implementation;
161;2020-10-15 08:30 AM;2020-10-15 01:00 PM;00:00;04:30;25;;112.5;Proin LLC;Factory Dashboard;Implementation;
162;2020-10-14 08:30 AM;2020-10-14 03:30 PM;00:00;07:00;25;;175;Proin LLC;Factory Dashboard;Implementation;
163;2020-10-13 08:30 AM;2020-10-13 03:30 PM;00:00;07:00;25;;175;Proin LLC;Factory Dashboard;Implementation;
164;2020-10-09 08:30 AM;2020-10-09 03:30 PM;00:00;07:00;25;;175;Proin LLC;Factory Dashboard;Implementation;
165;2020-10-08 08:30 AM;2020-10-08 12:30 PM;00:00;04:00;25;;100;Proin LLC;Factory Dashboard;Implementation;
166;2020-10-07 08:30 AM;2020-10-07 10:00 AM;00:00;01:30;25;;37.5;Proin LLC;Factory Dashboard;Implementation;
167;2020-10-06 08:30 AM;2020-10-06 03:30 PM;00:00;07:00;25;;175;Proin LLC;Factory Dashboard;Implementation;
168;2020-10-05 08:30 AM;2020-10-05 03:30 PM;00:00;07:00;25;;175;Proin LLC;Factory Dashboard;Implementation;
169;2020-10-02 08:30 AM;2020-10-02 04:30 PM;00:00;08:00;25;;200;Proin LLC;Factory Dashboard;Implementation;
170;2020-10-01 08:30 AM;2020-10-01 04:30 PM;00:00;08:00;25;;200;Proin LLC;Factory Dashboard;Implementation;
171;2020-09-30 08:30 AM;2020-09-30 03:30 PM;00:00;07:00;25;;175;Proin LLC;Factory Dashboard;Implementation;
172;2020-09-29 08:30 AM;2020-09-29 03:30 PM;00:00;07:00;25;;175;Proin LLC;Factory Dashboard;Implementation;
173;2020-09-28 08:30 AM;2020-09-28 03:30 PM;00:00;07:00;25;;175;Proin LLC;Factory Dashboard;Implementation;
174;2020-09-25 08:30 AM;2020-09-25 03:30 PM;00:00;07:00;25;;175;Proin LLC;Factory Dashboard;Implementation;
175;2020-09-24 08:30 AM;2020-09-24 03:30 PM;00:00;07:00;25;;175;Proin LLC;Factory Dashboard;Implementation;
176;2020-09-23 08:30 AM;2020-09-23 03:30 PM;00:00;07:00;25;;175;Proin LLC;Factory Dashboard;Implementation;
177;2020-09-22 08:30 AM;2020-09-22 03:30 PM;00:00;07:00;25;;175;Proin LLC;Factory Dashboard;Implementation;
178;2020-09-21 08:30 AM;2020-09-21 03:30 PM;00:00;07:00;25;;175;Proin LLC;Factory Dashboard;Implementation;
179;2020-09-18 09:30 AM;2020-09-18 05:30 PM;01:00;07:00;25;;175;Proin LLC;Factory Dashboard;Implementation;
180;2020-09-17 08:30 AM;2020-09-17 10:30 AM;00:00;02:00;25;;50;Proin LLC;Factory Dashboard;Implementation;
181;2020-09-16 08:30 AM;2020-09-16 10:30 AM;00:00;02:00;25;;50;Proin LLC;Factory Dashboard;Implementation;
182;2020-09-15 08:30 AM;2020-09-15 04:30 PM;01:00;07:00;25;;175;Proin LLC;Factory Dashboard;Implementation;
183;2020-09-14 08:30 AM;2020-09-14 04:30 PM;01:00;07:00;25;;175;Proin LLC;Factory Dashboard;Implementation;
184;2020-09-11 08:30 AM;2020-09-11 09:30 AM;00:00;01:00;25;;25;Proin LLC;Factory Dashboard;Implementation;
125;2020-09-10 08:30 AM;2020-09-10 12:00 PM;00:00;03:30;25;;87.5;Proin LLC;Factory Dashboard;Implementation;
186;2020-09-09 08:30 AM;2020-09-09 05:30 PM;00:30;08:30;25;;212.5;Proin LLC;Factory Dashboard;Implementation;
187;2020-09-08 08:30 AM;2020-09-08 03:30 PM;00:00;07:00;25;;175;Proin LLC;Factory Dashboard;Implementation;
188;2020-09-07 08:30 AM;2020-09-07 04:30 PM;00:00;08:00;25;;200;Proin LLC;Factory Dashboard;Implementation;
189;2020-09-04 08:30 AM;2020-09-04 10:00 AM;00:00;01:30;25;;37.5;Proin LLC;Factory Dashboard;Implementation;
190;2020-09-03 08:30 AM;2020-09-03 10:00 AM;00:00;01:30;25;;37.5;Proin LLC;Factory Dashboard;Implementation;
191;2020-09-02 08:30 AM;2020-09-02 11:00 AM;00:00;02:30;25;;62.5;Proin LLC;Factory Dashboard;Implementation;
192;2020-09-01 08:30 AM;2020-09-01 05:00 PM;00:00;08:30;25;;212.5;Proin LLC;Factory Dashboard;Implementation;
193;2020-08-31 08:30 AM;2020-08-31 02:30 PM;00:00;06:00;25;;150;Proin LLC;Factory Dashboard;Implementation;
194;2020-08-28 08:30 AM;2020-08-28 09:00 AM;00:00;00:30;25;;12.5;Proin LLC;Factory Dashboard;Implementation;
195;2020-08-27 10:00 AM;2020-08-27 01:00 PM;00:00;03:00;25;;75;Proin LLC;Factory Dashboard;Implementation;
196;2020-08-26 08:00 AM;2020-08-26 10:00 AM;00:00;02:00;25;;50;Proin LLC;Factory Dashboard;Implementation;
197;2020-08-25 08:30 AM;2020-08-25 02:30 PM;00:00;06:00;25;;150;Proin LLC;Factory Dashboard;Implementation;
198;2020-08-24 08:30 AM;2020-08-24 12:15 PM;00:00;03:45;25;;93.75;Proin LLC;Factory Dashboard;Implementation;
199;2020-08-21 08:30 AM;2020-08-21 10:00 AM;00:00;01:30;25;;37.5;Proin LLC;Factory Dashboard;Implementation;
200;2020-08-20 08:30 AM;2020-08-20 01:45 PM;00:00;05:15;25;;131.25;Proin LLC;Factory Dashboard;Implementation;
201;2020-08-19 08:30 AM;2020-08-19 01:00 PM;00:00;04:30;25;;112.5;Proin LLC;Factory Dashboard;Implementation;
202;2020-08-18 08:30 AM;2020-08-18 12:30 PM;00:00;04:00;25;;100;Proin LLC;Factory Dashboard;Implementation;
203;2020-08-17 08:30 AM;2020-08-17 04:00 PM;01:00;06:30;25;;162.5;Proin LLC;Factory Dashboard;Implementation;
204;2020-08-14 08:30 AM;2020-08-14 10:00 AM;00:00;01:30;25;;37.5;Proin LLC;Factory Dashboard;Implementation;
205;2020-08-13 08:30 AM;2020-08-13 09:00 AM;00:00;00:30;25;;12.5;Proin LLC;Factory Dashboard;Implementation;
206;2020-08-12 02:00 PM;2020-08-12 05:00 PM;00:00;03:00;25;;75;Proin LLC;Factory Dashboard;Implementation;
207;2020-08-11 08:30 AM;2020-08-11 09:00 AM;00:00;00:30;25;;12.5;Proin LLC;Factory Dashboard;Implementation;
208;2020-08-10 08:30 AM;2020-08-10 12:30 PM;00:00;04:00;25;;100;Proin LLC;Factory Dashboard;Implementation;
209;2020-08-07 08:30 AM;2020-08-07 10:00 AM;00:00;01:30;25;;37.5;Proin LLC;Factory Dashboard;Implementation;
210;2020-08-06 07:30 AM;2020-08-06 08:00 AM;00:00;00:30;25;;12.5;Proin LLC;Factory Dashboard;Implementation;
211;2020-08-05 08:30 AM;2020-08-05 09:30 AM;00:00;01:00;25;;25;Proin LLC;Factory Dashboard;Implementation;
212;2020-08-04 09:00 AM;2020-08-04 12:00 PM;00:00;03:00;25;;75;Proin LLC;Factory Dashboard;Implementation;
213;2020-08-03 08:30 AM;2020-08-03 03:30 PM;01:00;06:00;25;;150;Proin LLC;Factory Dashboard;Implementation;
214;2020-04-02 09:00 AM;2020-04-02 12:00 PM;00:00;03:00;25;;75;Arcu Vel Corp;Upper Management Project;Implementation;
215;2020-04-01 09:00 AM;2020-04-01 04:00 PM;00:00;07:00;25;;175;Arcu Vel Corp;Upper Management Project;Implementation;
216;2020-03-31 08:30 AM;2020-03-31 03:30 PM;00:00;07:00;25;;175;Arcu Vel Corp;Upper Management Project;Implementation;
217;2020-03-30 08:30 AM;2020-03-30 03:30 PM;00:00;07:00;25;;175;Arcu Vel Corp;Upper Management Project;Implementation;
218;2020-03-26 09:00 AM;2020-03-26 12:00 PM;00:00;03:00;25;;75;Arcu Vel Corp;Upper Management Project;Implementation;
219;2020-03-25 09:00 AM;2020-03-25 04:00 PM;00:00;07:00;25;;175;Arcu Vel Corp;Upper Management Project;Implementation;
220;2020-03-24 09:00 AM;2020-03-24 04:00 PM;00:00;07:00;25;;175;Arcu Vel Corp;Upper Management Project;Implementation;
221;2020-03-23 09:00 AM;2020-03-23 04:00 PM;00:00;07:00;25;;175;Arcu Vel Corp;Upper Management Project;Implementation;
222;2020-03-19 09:00 AM;2020-03-19 03:00 PM;00:00;06:00;25;;150;Arcu Vel Corp;Upper Management Project;Implementation;
223;2020-03-18 09:00 AM;2020-03-18 03:00 PM;00:00;06:00;25;;150;Arcu Vel Corp;Upper Management Project;Implementation;
224;2020-03-17 09:00 AM;2020-03-17 03:00 PM;00:00;06:00;25;;150;Arcu Vel Corp;Upper Management Project;Implementation;
225;2020-03-16 09:00 AM;2020-03-16 03:00 PM;00:00;06:00;25;;150;Arcu Vel Corp;Upper Management Project;Implementation;
226;2020-03-13 07:30 AM;2020-03-13 03:00 PM;00:30;07:00;25;;175;Arcu Vel Corp;Upper Management Project;Implementation;
227;2020-03-12 07:30 AM;2020-03-12 03:00 PM;00:30;07:00;25;;175;Arcu Vel Corp;Upper Management Project;Implementation;
228;2020-03-11 08:00 AM;2020-03-11 03:30 PM;00:30;07:00;25;;175;Arcu Vel Corp;Upper Management Project;Implementation;
229;2020-03-10 08:00 AM;2020-03-10 03:30 PM;00:30;07:00;25;;175;Arcu Vel Corp;Upper Management Project;Implementation;
230;2020-03-09 07:45 AM;2020-03-09 03:15 PM;00:30;07:00;25;;175;Arcu Vel Corp;Upper Management Project;Implementation;
231;2020-03-06 08:00 AM;2020-03-06 03:00 PM;00:30;06:30;25;;162.5;Arcu Vel Corp;Upper Management Project;Implementation;
232;2020-03-05 08:00 AM;2020-03-05 04:00 PM;00:30;07:30;25;;187.5;Arcu Vel Corp;Upper Management Project;Implementation;
233;2020-03-04 08:30 AM;2020-03-04 04:00 PM;00:30;07:00;25;;175;Arcu Vel Corp;Upper Management Project;Implementation;
234;2020-03-03 08:45 AM;2020-03-03 04:15 PM;00:30;07:00;25;;175;Arcu Vel Corp;Upper Management Project;Implementation;
235;2020-03-02 09:00 AM;2020-03-02 04:30 PM;00:30;07:00;25;;175;Arcu Vel Corp;Upper Management Project;Implementation;
236;2019-11-15 08:00 AM;2019-11-15 03:30 PM;00:30;07:00;25;;175;Praesent Industries;Audit Verification;Implementation;
237;2019-11-14 08:00 AM;2019-11-14 03:30 PM;00:30;07:00;25;;175;Praesent Industries;Audit Verification;Implementation;
238;2019-11-13 08:00 AM;2019-11-13 03:30 PM;00:30;07:00;25;;175;Praesent Industries;Audit Verification;Implementation;
239;2019-11-12 08:00 AM;2019-11-12 03:30 PM;00:30;07:00;25;;175;Praesent Industries;Audit Verification;Implementation;
240;2019-11-11 08:00 AM;2019-11-11 03:30 PM;00:30;07:00;25;;175;Praesent Industries;Audit Verification;Implementation;
241;2019-11-08 08:00 AM;2019-11-08 03:00 PM;00:30;06:30;25;;162.5;Praesent Industries;Audit Verification;Implementation;
242;2019-11-07 07:30 AM;2019-11-07 03:00 PM;00:30;07:00;25;;175;Praesent Industries;Audit Verification;Implementation;
243;2019-11-06 08:00 AM;2019-11-06 03:30 PM;00:30;07:00;25;;175;Praesent Industries;Audit Verification;Implementation;
244;2019-11-05 07:30 AM;2019-11-05 03:30 PM;00:30;07:30;25;;187.5;Praesent Industries;Audit Verification;Implementation;
245;2019-11-04 08:00 AM;2019-11-04 03:30 PM;00:30;07:00;25;;175;Praesent Industries;Audit Verification;Implementation;
246;2019-11-01 08:00 AM;2019-11-01 03:00 PM;00:30;06:30;25;;162.5;Praesent Industries;Audit Verification;Implementation;
247;2019-10-31 07:30 AM;2019-10-31 03:30 PM;00:30;07:30;25;;187.5;Praesent Industries;Audit Verification;Implementation;
248;2019-10-30 08:00 AM;2019-10-30 03:30 PM;00:30;07:00;25;;175;Praesent Industries;Audit Verification;Implementation;
249;2019-10-29 08:00 AM;2019-10-29 03:30 PM;00:30;07:00;25;;175;Praesent Industries;Audit Verification;Implementation;
250;2019-10-28 08:00 AM;2019-10-28 03:30 PM;00:30;07:00;25;;175;Praesent Industries;Audit Verification;Implementation;
251;2019-10-25 08:00 AM;2019-10-25 03:00 PM;00:30;06:30;25;;162.5;Praesent Industries;Audit Verification;Implementation;
252;2019-10-24 08:00 AM;2019-10-24 03:30 PM;00:30;07:00;25;;175;Praesent Industries;Audit Verification;Implementation;
253;2019-10-23 08:00 AM;2019-10-23 03:30 PM;00:30;07:00;25;;175;Praesent Industries;Audit Verification;Implementation;
254;2019-10-22 08:00 AM;2019-10-22 04:00 PM;00:30;07:30;25;;187.5;Praesent Industries;Audit Verification;Implementation;
255;2019-10-21 08:00 AM;2019-10-21 03:30 PM;00:30;07:00;25;;175;Praesent Industries;Audit Verification;Implementation;
256;2019-10-18 08:00 AM;2019-10-18 03:30 PM;00:30;07:00;25;;175;Praesent Industries;Audit Verification;Implementation;
257;2019-10-17 08:00 AM;2019-10-17 03:30 PM;00:30;07:00;25;;175;Praesent Industries;Audit Verification;Implementation;
258;2019-10-16 08:00 AM;2019-10-16 03:30 PM;00:30;07:00;25;;175;Praesent Industries;Audit Verification;Implementation;
259;2019-10-15 08:00 AM;2019-10-15 03:30 PM;00:30;07:00;25;;175;Praesent Industries;Audit Verification;Implementation;
260;2019-10-11 08:00 AM;2019-10-11 03:30 PM;00:30;07:00;25;;175;Praesent Industries;Audit Verification;Implementation;
261;2019-10-10 08:00 AM;2019-10-10 03:30 PM;00:30;07:00;25;;175;Praesent Industries;Audit Verification;Implementation;
262;2019-10-09 08:00 AM;2019-10-09 03:30 PM;00:30;07:00;25;;175;Praesent Industries;Audit Verification;Implementation;
263;2019-10-08 08:00 AM;2019-10-08 03:30 PM;00:30;07:00;25;;175;Praesent Industries;Audit Verification;Implementation;
264;2019-10-07 08:00 AM;2019-10-07 03:30 PM;00:30;07:00;25;;175;Praesent Industries;Audit Verification;Implementation;
265;2019-10-04 08:00 AM;2019-10-04 03:30 PM;00:00;07:30;25;;187.5;Praesent Industries;Audit Verification;Implementation;
266;2019-10-03 08:00 AM;2019-10-03 03:30 PM;00:30;07:00;25;;175;Praesent Industries;Audit Verification;Implementation;
267;2019-10-02 08:00 AM;2019-10-02 03:30 PM;00:30;07:00;25;;175;Praesent Industries;Audit Verification;Implementation;
268;2019-10-01 08:00 AM;2019-10-01 03:30 PM;00:30;07:00;25;;175;Praesent Industries;Audit Verification;Implementation;
269;2019-09-30 08:00 AM;2019-09-30 04:00 PM;00:30;07:30;25;;187.5;Praesent Industries;Audit Verification;Implementation;
270;2019-09-27 08:00 AM;2019-09-27 03:30 PM;00:30;07:00;25;;175;Praesent Industries;Audit Verification;Implementation;
271;2019-09-26 10:30 AM;2019-09-26 04:00 PM;00:30;05:00;25;;125;Praesent Industries;Audit Verification;Implementation;
272;2019-09-25 08:00 AM;2019-09-25 03:30 PM;01:00;06:30;25;;162.5;Praesent Industries;Audit Verification;Implementation;
273;2019-09-24 08:00 AM;2019-09-24 03:30 PM;00:30;07:00;25;;175;Praesent Industries;Audit Verification;Implementation;
274;2019-09-23 08:00 AM;2019-09-23 03:30 PM;00:30;07:00;25;;175;Praesent Industries;Audit Verification;Implementation;
275;2019-09-09 08:00 AM;2019-09-09 03:30 PM;00:30;07:00;25;;175;Praesent Industries;Audit Verification;Implementation;
276;2019-09-06 08:00 AM;2019-09-06 03:30 PM;00:30;07:00;25;;175;Praesent Industries;Audit Verification;Implementation;
277;2019-09-05 08:00 AM;2019-09-05 03:30 PM;01:00;06:30;25;;162.5;Praesent Industries;Audit Verification;Implementation;
278;2019-09-04 08:00 AM;2019-09-04 03:30 PM;00:30;07:00;25;;175;Praesent Industries;Audit Verification;Implementation;
279;2019-09-03 08:00 AM;2019-09-03 04:00 PM;00:30;07:30;25;;187.5;Praesent Industries;Audit Verification;Implementation;
280;2019-08-30 08:00 AM;2019-08-30 04:00 PM;00:30;07:30;25;;187.5;Praesent Industries;Audit Verification;Implementation;
281;2019-08-29 08:00 AM;2019-08-29 03:30 PM;00:30;07:00;25;;175;Praesent Industries;Audit Verification;Implementation;
282;2019-08-28 09:30 AM;2019-08-28 03:30 PM;00:30;05:30;25;;137.5;Praesent Industries;Audit Verification;Implementation;
283;2019-08-27 11:30 AM;2019-08-27 03:00 PM;00:00;03:30;25;;87.5;Praesent Industries;Audit Verification;Implementation;
284;2019-08-26 08:00 AM;2019-08-26 03:30 PM;00:30;07:00;25;;175;Praesent Industries;Audit Verification;Implementation;
225;2019-08-23 08:00 AM;2019-08-23 03:30 PM;00:30;07:00;25;;175;Praesent Industries;Audit Verification;Implementation;
286;2019-08-22 08:00 AM;2019-08-22 03:30 PM;00:30;07:00;25;;175;Praesent Industries;Audit Verification;Implementation;
287;2019-08-21 08:00 AM;2019-08-21 03:30 PM;00:30;07:00;25;;175;Praesent Industries;Audit Verification;Implementation;
288;2019-08-20 08:00 AM;2019-08-20 03:30 PM;00:30;07:00;25;;175;Praesent Industries;Audit Verification;Implementation;
289;2019-08-19 08:00 AM;2019-08-19 03:30 PM;00:30;07:00;25;;175;Praesent Industries;Audit Verification;Implementation;
290;2019-08-16 07:45 AM;2019-08-16 03:45 PM;00:30;07:30;25;;187.5;Praesent Industries;Audit Verification;Implementation;
291;2019-08-15 08:00 AM;2019-08-15 03:30 PM;01:00;06:30;25;;162.5;Praesent Industries;Audit Verification;Implementation;
292;2019-08-14 08:00 AM;2019-08-14 03:30 PM;00:30;07:00;25;;175;Praesent Industries;Audit Verification;Implementation;
293;2019-08-13 08:00 AM;2019-08-13 03:30 PM;00:30;07:00;25;;175;Praesent Industries;Audit Verification;Implementation;
294;2019-08-12 08:00 AM;2019-08-12 03:30 PM;00:30;07:00;25;;175;Praesent Industries;Audit Verification;Implementation;
295;2019-08-09 08:00 AM;2019-08-09 03:30 PM;00:30;07:00;25;;175;Praesent Industries;Audit Verification;Implementation;
296;2019-08-08 08:00 AM;2019-08-08 03:30 PM;00:30;07:00;25;;175;Praesent Industries;Audit Verification;Implementation;
297;2019-08-07 08:00 AM;2019-08-07 03:30 PM;00:30;07:00;25;;175;Praesent Industries;Audit Verification;Implementation;
298;2019-08-06 08:00 AM;2019-08-06 03:30 PM;00:30;07:00;25;;175;Praesent Industries;Audit Verification;Implementation;
299;2019-08-05 08:00 AM;2019-08-05 03:30 PM;00:30;07:00;25;;175;Praesent Industries;Audit Verification;Implementation;
300;2019-08-02 08:00 AM;2019-08-02 03:30 PM;00:30;07:00;25;;175;Praesent Industries;Audit Verification;Implementation;
301;2019-08-01 08:00 AM;2019-08-01 03:30 PM;00:30;07:00;25;;175;Praesent Industries;Audit Verification;Implementation;
302;2019-07-31 08:00 AM;2019-07-31 03:30 PM;00:30;07:00;25;;175;Praesent Industries;Audit Verification;Implementation;
303;2019-07-30 08:00 AM;2019-07-30 03:30 PM;00:30;07:00;25;;175;Praesent Industries;Audit Verification;Implementation;
304;2019-07-29 08:00 AM;2019-07-29 03:30 PM;00:30;07:00;25;;175;Praesent Industries;Audit Verification;Implementation;
305;2019-07-26 08:00 AM;2019-07-26 03:30 PM;00:30;07:00;25;;175;Praesent Industries;Audit Verification;Implementation;
306;2019-07-25 08:00 AM;2019-07-25 03:30 PM;00:30;07:00;25;;175;Praesent Industries;Audit Verification;Implementation;
307;2019-07-24 09:00 AM;2019-07-24 04:00 PM;01:00;06:00;25;;150;Praesent Industries;Audit Verification;Implementation;
308;2019-05-01 08:00 AM;2019-05-01 03:30 PM;00:00;07:30;31.5;;236.25;Justo Arcu Limited;Warehouse Project;Implementation;
309;2019-05-02 08:00 AM;2019-05-02 03:30 PM;00:00;07:30;31.5;;236.25;Justo Arcu Limited;Warehouse Project;Implementation;
310;2019-05-03 08:00 AM;2019-05-03 03:30 PM;00:00;07:30;31.5;;236.25;Justo Arcu Limited;Warehouse Project;Implementation;
311;2019-05-06 08:00 AM;2019-05-06 03:30 PM;00:00;07:30;31.5;;236.25;Justo Arcu Limited;Warehouse Project;Implementation;
312;2019-05-07 08:00 AM;2019-05-07 03:30 PM;00:00;07:30;31.5;;236.25;Justo Arcu Limited;Warehouse Project;Implementation;
313;2019-05-08 08:00 AM;2019-05-08 03:30 PM;00:00;08:00;31.5;;252;Justo Arcu Limited;Warehouse Project;Implementation;
314;2019-05-09 08:00 AM;2019-05-09 11:00 AM;00:00;03:00;31.5;;94.5;Justo Arcu Limited;Warehouse Project;Implementation;
315;2019-05-10 08:00 AM;2019-05-10 12:00 AM;00:00;04:00;31.5;;126;Justo Arcu Limited;Warehouse Project;Implementation;
316;2019-05-13 08:00 AM;2019-05-13 12:00 AM;00:00;04:00;31.5;;126;Justo Arcu Limited;Warehouse Project;Implementation;
317;2019-05-14 08:00 AM;2019-05-14 12:00 AM;00:00;04:00;31.5;;126;Justo Arcu Limited;Warehouse Project;Implementation;
318;2019-05-15 08:00 AM;2019-05-15 12:00 AM;00:00;04:00;31.5;;126;Justo Arcu Limited;Warehouse Project;Implementation;
319;2019-05-16 08:00 AM;2019-05-16 12:00 AM;00:00;07:30;31.5;;236.25;Justo Arcu Limited;Warehouse Project;Implementation;
320;2019-05-17 08:00 AM;2019-05-17 03:30 PM;00:00;07:30;31.5;;236.25;Justo Arcu Limited;Warehouse Project;Implementation;
321;2019-05-21 08:00 AM;2019-05-21 03:30 PM;00:00;07:30;31.5;;236.25;Justo Arcu Limited;Warehouse Project;Implementation;
322;2019-05-22 08:00 AM;2019-05-22 03:30 PM;00:00;07:30;31.5;;236.25;Justo Arcu Limited;Warehouse Project;Implementation;
323;2019-05-23 08:00 AM;2019-05-23 03:30 PM;00:00;07:30;31.5;;236.25;Justo Arcu Limited;Warehouse Project;Implementation;
324;2019-05-27 08:00 AM;2019-05-27 03:30 PM;00:00;07:30;31.5;;236.25;Justo Arcu Limited;Warehouse Project;Implementation;
325;2019-05-28 08:00 AM;2019-05-28 03:30 PM;00:00;07:30;31.5;;236.25;Justo Arcu Limited;Warehouse Project;Implementation;
326;2019-05-29 08:00 AM;2019-05-29 03:30 PM;00:00;07:30;31.5;;236.25;Justo Arcu Limited;Warehouse Project;Implementation;
327;2019-05-30 08:00 AM;2019-05-30 03:30 PM;00:00;07:30;31.5;;236.25;Justo Arcu Limited;Warehouse Project;Implementation;
328;2019-06-07 08:00 AM;2019-05-30 03:30 PM;00:00;07:30;31.5;;236.25;Justo Arcu Limited;Warehouse Project;Implementation;
329;2019-06-08 08:00 AM;2019-05-30 03:30 PM;00:00;07:30;31.5;;236.25;Justo Arcu Limited;Warehouse Project;Implementation;
330;2019-06-11 08:00 AM;2019-05-30 03:30 PM;00:00;07:30;31.5;;236.25;Justo Arcu Limited;Warehouse Project;Implementation;
331;2019-06-12 08:00 AM;2019-05-30 03:30 PM;00:00;07:30;31.5;;236.25;Justo Arcu Limited;Warehouse Project;Implementation;
332;2019-06-13 08:00 AM;2019-05-30 03:30 PM;00:00;07:30;31.5;;236.25;Justo Arcu Limited;Warehouse Project;Implementation;
333;2019-06-14 08:00 AM;2019-05-30 03:30 PM;00:00;07:30;31.5;;236.25;Justo Arcu Limited;Warehouse Project;Implementation;
334;2019-06-15 08:00 AM;2019-05-30 03:30 PM;00:00;07:30;31.5;;236.25;Justo Arcu Limited;Warehouse Project;Implementation;
335;2019-06-18 08:00 AM;2019-05-30 03:30 PM;00:00;07:30;31.5;;236.25;Justo Arcu Limited;Warehouse Project;Implementation;
336;2019-06-19 08:00 AM;2019-05-30 03:30 PM;00:00;07:30;31.5;;236.25;Justo Arcu Limited;Warehouse Project;Implementation;
337;2019-06-20 08:00 AM;2019-05-30 03:30 PM;00:00;07:30;31.5;;236.25;Justo Arcu Limited;Warehouse Project;Implementation;
338;2019-06-21 08:00 AM;2019-05-30 03:30 PM;00:00;07:30;31.5;;236.25;Justo Arcu Limited;Warehouse Project;Implementation;
339;2019-06-22 08:00 AM;2019-05-30 03:30 PM;00:00;07:30;31.5;;236.25;Justo Arcu Limited;Warehouse Project;Implementation;
340;2019-06-25 08:00 AM;2019-05-30 03:30 PM;00:00;07:30;31.5;;236.25;Justo Arcu Limited;Warehouse Project;Implementation;
341;2019-06-26 08:00 AM;2019-05-30 03:30 PM;00:00;07:30;31.5;;236.25;Justo Arcu Limited;Warehouse Project;Implementation;
342;2019-06-27 08:00 AM;2019-05-30 03:30 PM;00:00;07:30;31.5;;236.25;Justo Arcu Limited;Warehouse Project;Implementation;
343;2019-06-28 08:00 AM;2019-05-30 03:30 PM;00:00;07:30;31.5;;236.25;Justo Arcu Limited;Warehouse Project;Implementation;
345;2019-06-29 08:00 AM;2019-05-30 03:30 PM;00:00;07:30;31.5;;236.25;Justo Arcu Limited;Warehouse Project;Implementation;
346;2019-03-07 08:00 AM;2019-03-07 03:30 PM;00:00;07:30;31.5;;236.25;Justo Arcu Limited;Warehouse Project;Implementation;
347;2019-03-08 08:00 AM;2019-03-08 03:30 PM;00:00;07:30;31.5;;236.25;Justo Arcu Limited;Warehouse Project;Implementation;
349;2019-03-11 08:00 AM;2019-03-11 03:30 PM;00:00;07:30;31.5;;236.25;Justo Arcu Limited;Warehouse Project;Implementation;
350;2019-03-12 08:00 AM;2019-03-12 03:30 PM;00:00;07:30;31.5;;236.25;Justo Arcu Limited;Warehouse Project;Implementation;
351;2019-03-13 08:00 AM;2019-03-13 03:30 PM;00:00;05:30;31.5;;173.25;Justo Arcu Limited;Warehouse Project;Implementation;
352;2019-03-14 08:00 AM;2019-03-14 03:30 PM;00:00;07:30;31.5;;236.25;Justo Arcu Limited;Warehouse Project;Implementation;
353;2019-03-15 08:00 AM;2019-03-15 03:30 PM;00:00;05:30;31.5;;173.25;Justo Arcu Limited;Warehouse Project;Implementation;
354;2019-03-18 08:00 AM;2019-03-18 03:30 PM;00:00;07:30;31.5;;236.25;Justo Arcu Limited;Warehouse Project;Implementation;
355;2019-03-19 08:00 AM;2019-03-19 03:30 PM;00:00;07:30;31.5;;236.25;Justo Arcu Limited;Warehouse Project;Implementation;
356;2019-03-20 08:00 AM;2019-03-20 03:30 PM;00:00;07:30;31.5;;236.25;Justo Arcu Limited;Warehouse Project;Implementation;
357;2019-03-21 08:00 AM;2019-03-21 03:30 PM;00:00;07:30;31.5;;236.25;Justo Arcu Limited;Warehouse Project;Implementation;
358;2019-03-22 08:00 AM;2019-03-22 03:30 PM;00:00;07:30;31.5;;236.25;Justo Arcu Limited;Warehouse Project;Implementation;
359;2019-03-25 08:00 AM;2019-03-25 03:30 PM;00:00;07:30;31.5;;236.25;Justo Arcu Limited;Warehouse Project;Implementation;
360;2019-03-26 08:00 AM;2019-03-26 03:30 PM;00:00;07:30;31.5;;236.25;Justo Arcu Limited;Warehouse Project;Implementation;
361;2019-03-27 08:00 AM;2019-03-27 03:30 PM;00:00;07:30;31.5;;236.25;Justo Arcu Limited;Warehouse Project;Implementation;
362;2019-03-28 08:00 AM;2019-03-28 03:30 PM;00:00;07:30;31.5;;236.25;Justo Arcu Limited;Warehouse Project;Implementation;
363;2019-03-29 08:00 AM;2019-03-29 03:30 PM;00:00;07:30;31.5;;236.25;Justo Arcu Limited;Warehouse Project;Implementation;
364;2019-04-01 08:00 AM;2019-04-01 03:30 PM;00:00;07:30;31.5;;236.25;Justo Arcu Limited;Warehouse Project;Implementation;
365;2019-04-02 08:00 AM;2019-04-02 03:30 PM;00:00;07:30;31.5;;236.25;Justo Arcu Limited;Warehouse Project;Implementation;
366;2019-04-03 08:00 AM;2019-04-03 03:30 PM;00:00;07:30;31.5;;236.25;Justo Arcu Limited;Warehouse Project;Implementation;
367;2019-04-04 08:00 AM;2019-04-04 03:30 PM;00:00;07:30;31.5;;236.25;Justo Arcu Limited;Warehouse Project;Implementation;
368;2019-04-05 08:00 AM;2019-04-05 03:30 PM;00:00;07:30;31.5;;236.25;Justo Arcu Limited;Warehouse Project;Implementation;
369;2019-04-08 08:00 AM;2019-04-08 03:30 PM;00:00;07:30;31.5;;236.25;Justo Arcu Limited;Warehouse Project;Implementation;
370;2019-04-09 08:00 AM;2019-04-09 03:30 PM;00:00;07:30;31.5;;236.25;Justo Arcu Limited;Warehouse Project;Implementation;
371;2019-04-10 08:00 AM;2019-04-10 03:30 PM;00:00;07:30;31.5;;236.25;Justo Arcu Limited;Warehouse Project;Implementation;
372;2019-04-11 08:00 AM;2019-04-11 03:30 PM;00:00;07:30;31.5;;236.25;Justo Arcu Limited;Warehouse Project;Implementation;
373;2019-04-12 08:00 AM;2019-04-12 03:30 PM;00:00;07:30;31.5;;236.25;Justo Arcu Limited;Warehouse Project;Implementation;
374;2019-04-15 08:00 AM;2019-04-15 03:30 PM;00:00;07:30;31.5;;236.25;Justo Arcu Limited;Warehouse Project;Implementation;
375;2019-04-16 08:00 AM;2019-04-16 03:30 PM;00:00;07:30;31.5;;236.25;Justo Arcu Limited;Warehouse Project;Implementation;
376;2019-04-17 08:00 AM;2019-04-17 04:00 PM;00:00;08:00;31.5;;252;Justo Arcu Limited;Warehouse Project;Implementation;
377;2019-04-18 08:00 AM;2019-04-18 03:30 PM;00:00;07:30;31.5;;236.25;Justo Arcu Limited;Warehouse Project;Implementation;
378;2019-04-22 08:00 AM;2019-04-22 03:30 PM;00:00;07:30;31.5;;236.25;Justo Arcu Limited;Warehouse Project;Implementation;
379;2019-04-23 08:00 AM;2019-04-23 03:30 PM;00:00;07:30;31.5;;236.25;Justo Arcu Limited;Warehouse Project;Implementation;
380;2019-04-24 08:00 AM;2019-04-24 03:30 PM;00:00;07:30;31.5;;236.25;Justo Arcu Limited;Warehouse Project;Implementation;
381;2019-04-25 08:00 AM;2019-04-25 03:30 PM;00:00;07:30;31.5;;236.25;Justo Arcu Limited;Warehouse Project;Implementation;
382;2019-04-26 08:00 AM;2019-04-26 03:30 PM;00:00;07:30;31.5;;236.25;Justo Arcu Limited;Warehouse Project;Implementation;
383;2019-04-29 08:00 AM;2019-04-29 03:30 PM;00:00;07:30;31.5;;236.25;Justo Arcu Limited;Warehouse Project;Implementation;
384;2019-04-30 08:00 AM;2019-04-30 03:30 PM;00:00;07:30;31.5;;236.25;Justo Arcu Limited;Warehouse Project;Implementation;
325;2019-06-03 08:00 AM;2019-06-03 03:30 PM;00:00;07:30;31.5;;236.25;Justo Arcu Limited;Warehouse Project;Implementation;
386;2019-06-04 08:00 AM;2019-06-04 12:30 PM;00:00;04:30;31.5;;141.75;Justo Arcu Limited;Warehouse Project;Implementation;
387;2019-06-05 08:00 AM;2019-06-05 03:30 PM;00:00;07:30;31.5;;236.25;Justo Arcu Limited;Warehouse Project;Implementation;
388;2019-06-07 08:00 AM;2019-06-07 03:30 PM;00:00;07:30;31.5;;236.25;Justo Arcu Limited;Warehouse Project;Implementation;
389;2019-06-10 08:00 AM;2019-06-10 03:30 PM;00:00;07:30;31.5;;236.25;Justo Arcu Limited;Warehouse Project;Implementation;
390;2019-06-11 08:00 AM;2019-06-11 03:30 PM;00:00;07:30;31.5;;236.25;Justo Arcu Limited;Warehouse Project;Implementation;
391;2019-06-12 08:00 AM;2019-06-12 03:30 PM;00:00;07:30;31.5;;236.25;Justo Arcu Limited;Warehouse Project;Implementation;
392;2019-06-13 08:00 AM;2019-06-13 03:30 PM;00:00;07:30;31.5;;236.25;Justo Arcu Limited;Warehouse Project;Implementation;
393;2019-06-17 08:00 AM;2019-06-17 03:30 PM;00:00;07:30;31.5;;236.25;Justo Arcu Limited;Warehouse Project;Implementation;
394;2019-06-18 08:00 AM;2019-06-18 03:30 PM;00:00;07:30;31.5;;236.25;Justo Arcu Limited;Warehouse Project;Implementation;
395;2019-06-19 08:00 AM;2019-06-19 03:30 PM;00:00;07:30;31.5;;236.25;Justo Arcu Limited;Warehouse Project;Implementation;
396;2019-06-20 08:00 AM;2019-06-20 03:30 PM;00:00;07:30;31.5;;236.25;Justo Arcu Limited;Warehouse Project;Implementation;
397;2019-06-21 08:00 AM;2019-06-21 03:30 PM;00:00;07:30;31.5;;236.25;Justo Arcu Limited;Warehouse Project;Implementation;
398;2018-09-30 08:00 AM;2018-09-30 11:00 AM;00:00;03:00;70;;210;Curabitur Consulting;Curabitur Consulting Implementation;Implementation;
399;2018-11-05 08:00 AM;2018-11-05 11:00 AM;00:00;04:00;45;;180;Vivamus Inc;Prototype;Implementation;
400;2018-11-06 08:00 AM;2018-11-06 11:00 AM;00:00;04:00;45;;180;Vivamus Inc;Prototype;Implementation;
401;2018-11-07 08:00 AM;2018-11-07 11:00 AM;00:00;04:00;45;;180;Vivamus Inc;Prototype;Implementation;
402;2018-11-08 08:00 AM;2018-11-08 11:00 AM;00:00;04:00;45;;180;Vivamus Inc;Prototype;Implementation;
403;2018-11-09 08:00 AM;2018-11-09 11:00 AM;00:00;04:00;45;;180;Vivamus Inc;Prototype;Implementation;
404;2018-11-12 07:00 AM;2018-11-12 01:00 PM;00:00;06:00;45;;270;Vivamus Inc;Prototype;Implementation;
405;2018-11-13 07:00 AM;2018-11-13 01:00 PM;00:00;06:00;45;;270;Vivamus Inc;Prototype;Implementation;
406;2018-11-14 07:00 AM;2018-11-14 01:00 PM;00:00;06:00;45;;270;Vivamus Inc;Prototype;Implementation;
407;2018-11-15 07:00 AM;2018-11-15 01:00 PM;00:00;06:00;45;;270;Vivamus Inc;Prototype;Implementation;
408;2018-11-16 07:00 AM;2018-11-16 01:00 PM;00:00;06:00;45;;270;Vivamus Inc;Prototype;Implementation;
409;2018-06-27 08:00 AM;2018-06-27 06:00 PM;00:00;10:00;50;;500;Curabitur Consulting;Curabitur Consulting Implementation;Implementation;
410;2019-02-07 08:00 AM;2019-02-07 09:30 AM;00:00;01:30;50;;75;Curabitur Consulting;Curabitur Consulting Implementation;Implementation;
411;2021-09-30 04:00 PM;2021-09-30 05:45 PM;01:00;00:45;32.5;0;24.38;Fresh Food;Fruits Accounts;Acceptation;
412;2021-09-30 08:00 AM;2021-09-30 04:00 PM;01:00;07:00;32.5;0;227.5;Fresh Food;Fruits Accounts;Validation ;
413;2021-09-29 02:45 PM;2021-09-29 05:15 PM;00:00;02:30;25.25;0;63.13;Fresh Food;Fruits Accounts;Acceptation;
414;2021-09-29 08:00 AM;2021-09-29 02:30 PM;00:30;06:00;32.5;0;195;Fresh Food;Fruits Accounts;Validation ;
415;2021-09-28 03:00 PM;2021-09-28 05:15 PM;00:00;02:15;25.25;0;56.81;Fresh Food;Fruits Accounts;Acceptation;
416;2021-09-28 07:00 AM;2021-09-28 03:00 PM;01:00;07:00;32.5;0;227.5;Fresh Food;Fruits Accounts;Validation ;
417;2021-09-27 03:00 PM;2021-09-27 05:30 PM;00:00;02:30;32.5;0;81.25;Fresh Food;Fruits Accounts;Acceptation;
418;2021-09-27 08:00 AM;2021-09-27 03:00 PM;00:00;07:00;25.25;0;176.75;Fresh Food;Fruits Accounts;Validation ;
419;2021-09-24 08:00 AM;2021-09-24 05:00 PM;01:00;08:00;40;0;320;Electric Auto;Garage dashboard implementation;Service;
420;2021-09-23 08:00 AM;2021-09-23 05:00 PM;01:00;08:00;40;0;320;Electric Auto;Garage dashboard implementation;Service;
421;2021-09-22 08:00 AM;2021-09-22 05:00 PM;01:00;08:00;40;0;320;Electric Auto;Garage dashboard implementation;Service;
422;2021-09-21 08:00 AM;2021-09-21 04:15 PM;00:45;07:30;20;0;150;Electric Auto;Garage dashboard implementation;Suppliers;
423;2021-09-20 07:00 AM;2021-09-20 04:00 PM;01:00;08:00;20;0;160;Electric Auto;Garage dashboard implementation;Suppliers;
424;2021-09-17 08:00 AM;2021-09-17 05:00 PM;01:00;08:00;40;0;320;Supra Accounting;Accounting;Account Verification ;
425;2021-09-16 08:00 AM;2021-09-16 05:00 PM;01:00;08:00;40;0;320;Supra Accounting;Accounting;Account Verification ;
426;2021-09-15 08:00 AM;2021-09-15 05:00 PM;01:00;08:00;40;0;320;Supra Accounting;Accounting;Account Verification ;
427;2021-09-14 10:13 AM;2021-09-14 05:00 PM;00:30;06:17;35;0;219.92;Supra Accounting;Accounting;Ledger Retrieval;
428;2021-09-13 07:30 AM;2021-09-13 05:00 PM;01:00;08:30;35;0;297.5;Supra Accounting;Accounting;Ledger Retrieval;
429;2021-09-10 07:30 AM;2021-09-10 05:30 PM;00:30;09:30;25;5;242.5;ABC Company;Power BI Project;Dashboard Design ;
430;2021-09-09 09:00 AM;2021-09-09 06:00 PM;01:00;08:00;20;5;165;ABC Company;Power BI Project;Dashboard Design ;
431;2021-09-08 08:00 AM;2021-09-08 05:00 PM;00:30;08:30;25;5;217.5;ABC Company;Power BI Project;Dashboard Design ;
432;2021-09-07 08:00 AM;2021-09-07 05:30 PM;01:00;08:30;20;0;170;ABC Company;Power BI Project;Dashboard Design ;
433;2021-09-06 09:00 AM;2021-09-06 05:00 PM;01:00;07:00;20;5;145;ABC Company;Power BI Project;Dashboard Design ;
434;2021-09-03 08:00 AM;2021-09-03 05:00 PM;01:00;08:00;20;5;165;ABC Company;Power BI Project;Data Verification ;
435;2021-09-02 08:00 AM;2021-09-02 05:00 PM;01:00;08:00;20;5;165;ABC Company;Power BI Project;Data Verification ;
436;2021-09-01 08:00 AM;2021-09-01 05:00 PM;01:00;08:00;20;5;165;ABC Company;Power BI Project;Data Verification ;